,Team,Player,Tot,R,P,KR,PR,IR,FR,BK,BP,FGR,PAT,FG,Conv,Saf,Pts,Season,Type
0,Philadelphia Eagles,David Akers,0,0,0,0,0,0,0,0,0,0,34/36,29/33,0,0,121,2000,Scoring
1,Philadelphia Eagles,Charles Johnson,7,0,7,0,0,0,0,0,0,0,0/0,0/0,0,0,42,2000,Scoring
2,Philadelphia Eagles,Donovan McNabb,6,6,0,0,0,0,0,0,0,0,0/0,0/0,0,0,36,2000,Scoring
3,Philadelphia Eagles,Jeff Thomason,5,0,5,0,0,0,0,0,0,0,0/0,0/0,0,0,30,2000,Scoring
4,Philadelphia Eagles,Brian Mitchell,5,2,1,1,1,0,0,0,0,0,0/0,0/0,0,0,30,2000,Scoring
5,Philadelphia Eagles,Darnell Autry,4,3,1,0,0,0,0,0,0,0,0/0,0/0,0,0,24,2000,Scoring
6,Philadelphia Eagles,Torrance Small,3,0,3,0,0,0,0,0,0,0,0/0,0/0,1,0,20,2000,Scoring
7,Philadelphia Eagles,Chad Lewis,3,0,3,0,0,0,0,0,0,0,0/0,0/0,0,0,18,2000,Scoring
8,Philadelphia Eagles,Jeremiah Trotter,1,0,0,0,0,1,0,0,0,0,0/0,0/0,0,0,6,2000,Scoring
9,Philadelphia Eagles,Duce Staley,1,1,0,0,0,0,0,0,0,0,0/0,0/0,0,0,6,2000,Scoring
10,Philadelphia Eagles,Na Brown,1,0,1,0,0,0,0,0,0,0,0/0,0/0,0,0,6,2000,Scoring
0,Philadelphia Eagles,Caleb Sturgis,0,0,0,0,0,0,0,0,0,0,30/31,35/41,0,0,135,2016,Scoring
1,Philadelphia Eagles,Ryan Mathews,9,8,1,0,0,0,0,0,0,0,0/0,0/0,2,0,58,2016,Scoring
2,Philadelphia Eagles,Zach Ertz,4,0,4,0,0,0,0,0,0,0,0/0,0/0,0,0,24,2016,Scoring
3,Philadelphia Eagles,Darren Sproles,4,2,2,0,0,0,0,0,0,0,0/0,0/0,0,0,24,2016,Scoring
4,Philadelphia Eagles,Jordan Matthews,3,0,3,0,0,0,0,0,0,0,0/0,0/0,0,0,18,2016,Scoring
5,Philadelphia Eagles,Nelson Agholor,2,0,2,0,0,0,0,0,0,0,0/0,0/0,1,0,14,2016,Scoring
6,Philadelphia Eagles,Carson Wentz,2,2,0,0,0,0,0,0,0,0,0/0,0/0,1,0,14,2016,Scoring
7,Philadelphia Eagles,Kenjon Barner,2,2,0,0,0,0,0,0,0,0,0/0,0/0,0,0,12,2016,Scoring
8,Philadelphia Eagles,Wendell Smallwood,2,1,0,1,0,0,0,0,0,0,0/0,0/0,0,0,12,2016,Scoring
9,Philadelphia Eagles,Josh Huff,2,0,1,1,0,0,0,0,0,0,0/0,0/0,0,0,12,2016,Scoring
10,Philadelphia Eagles,Malcolm Jenkins,2,0,0,0,0,2,0,0,0,0,0/0,0/0,0,0,12,2016,Scoring
11,Philadelphia Eagles,Dorial Green-Beckham,2,0,2,0,0,0,0,0,0,0,0/0,0/0,0,0,12,2016,Scoring
12,Philadelphia Eagles,Trey Burton,1,0,1,0,0,0,0,0,0,0,0/0,0/0,0,0,6,2016,Scoring
13,Philadelphia Eagles,Leodis McKelvin,1,0,0,0,0,1,0,0,0,0,0/0,0/0,0,0,6,2016,Scoring
14,Philadelphia Eagles,Terrell Watson,1,1,0,0,0,0,0,0,0,0,0/0,0/0,0,0,6,2016,Scoring
0,Philadelphia Eagles,David Akers,0,0,0,0,0,0,0,0,0,0,37/38,26/31,0,0,115,2001,Scoring
1,Philadelphia Eagles,James Thrash,8,0,8,0,0,0,0,0,0,0,0/0,0/0,0,0,48,2001,Scoring
2,Philadelphia Eagles,Chad Lewis,6,0,6,0,0,0,0,0,0,0,0/0,0/0,0,0,36,2001,Scoring
3,Philadelphia Eagles,Todd Pinkston,4,0,4,0,0,0,0,0,0,0,0/0,0/0,0,0,24,2001,Scoring
4,Philadelphia Eagles,Duce Staley,4,2,2,0,0,0,0,0,0,0,0/0,0/0,0,0,24,2001,Scoring
5,Philadelphia Eagles,Cecil Martin,2,0,2,0,0,0,0,0,0,0,0/0,0/0,0,0,12,2001,Scoring
6,Philadelphia Eagles,Donovan McNabb,2,2,0,0,0,0,0,0,0,0,0/0,0/0,0,0,12,2001,Scoring
7,Philadelphia Eagles,Dameane Douglas,2,0,2,0,0,0,0,0,0,0,0/0,0/0,0,0,12,2001,Scoring
8,Philadelphia Eagles,Correll Buckhalter,2,2,0,0,0,0,0,0,0,0,0/0,0/0,0,0,12,2001,Scoring
9,Philadelphia Eagles,William Hampton,1,0,0,0,0,1,0,0,0,0,0/0,0/0,0,0,6,2001,Scoring
10,Philadelphia Eagles,Freddie Mitchell,1,0,1,0,0,0,0,0,0,0,0/0,0/0,0,0,6,2001,Scoring
11,Philadelphia Eagles,Damon Moore,1,0,0,0,0,0,1,0,0,0,0/0,0/0,0,0,6,2001,Scoring
12,Philadelphia Eagles,Brian Dawkins,1,0,0,0,0,0,1,0,0,0,0/0,0/0,0,0,6,2001,Scoring
13,Philadelphia Eagles,Tony Stewart,1,0,1,0,0,0,0,0,0,0,0/0,0/0,0,0,6,2001,Scoring
14,Philadelphia Eagles,Brian Mitchell,1,0,0,1,0,0,0,0,0,0,0/0,0/0,0,0,6,2001,Scoring
15,Philadelphia Eagles,Mike Bartrum,1,0,1,0,0,0,0,0,0,0,0/0,0/0,0,0,6,2001,Scoring
0,Philadelphia Eagles,David Akers,0,0,0,0,0,0,0,0,0,0,43/43,30/34,0,0,133,2002,Scoring
1,Philadelphia Eagles,Duce Staley,8,5,3,0,0,0,0,0,0,0,0/0,0/0,1,0,50,2002,Scoring
2,Philadelphia Eagles,James Thrash,8,2,6,0,0,0,0,0,0,0,0/0,0/0,0,0,48,2002,Scoring
3,Philadelphia Eagles,Todd Pinkston,7,0,7,0,0,0,0,0,0,0,0/0,0/0,0,0,42,2002,Scoring
4,Philadelphia Eagles,Donovan McNabb,6,6,0,0,0,0,0,0,0,0,0/0,0/0,0,0,36,2002,Scoring
5,Philadelphia Eagles,Antonio Freeman,4,0,4,0,0,0,0,0,0,0,0/0,0/0,0,0,24,2002,Scoring
6,Philadelphia Eagles,Chad Lewis,3,0,3,0,0,0,0,0,0,0,0/0,0/0,2,0,22,2002,Scoring
7,Philadelphia Eagles,Dorsey Levens,2,1,1,0,0,0,0,0,0,0,0/0,0/0,0,0,12,2002,Scoring
8,Philadelphia Eagles,Jeff Thomason,2,0,2,0,0,0,0,0,0,0,0/0,0/0,0,0,12,2002,Scoring
9,Philadelphia Eagles,Carlos Emmons,1,0,0,0,0,0,1,0,0,0,0/0,0/0,0,0,6,2002,Scoring
10,Philadelphia Eagles,Bobby Taylor,1,0,0,0,0,1,0,0,0,0,0/0,0/0,0,0,6,2002,Scoring
11,Philadelphia Eagles,Koy Detmer,1,1,0,0,0,0,0,0,0,0,0/0,0/0,0,0,6,2002,Scoring
12,Philadelphia Eagles,Brian Dawkins,1,0,1,0,0,0,0,0,0,0,0/0,0/0,0,0,6,2002,Scoring
13,Philadelphia Eagles,Brian Mitchell,1,0,0,0,1,0,0,0,0,0,0/0,0/0,0,0,6,2002,Scoring
14,Philadelphia Eagles,Shawn Barber,1,0,0,0,0,1,0,0,0,0,0/0,0/0,0,0,6,2002,Scoring
0,Philadelphia Eagles,David Akers,0,0,0,0,0,0,0,0,0,0,42/42,24/29,0,0,114,2003,Scoring
1,Philadelphia Eagles,Brian Westbrook,13,7,4,0,2,0,0,0,0,0,0/0,0/0,0,0,78,2003,Scoring
2,Philadelphia Eagles,Correll Buckhalter,9,8,1,0,0,0,0,0,0,0,0/0,0/0,0,0,54,2003,Scoring
3,Philadelphia Eagles,Duce Staley,7,5,2,0,0,0,0,0,0,0,0/0,0/0,0,0,42,2003,Scoring
4,Philadelphia Eagles,Jon Ritchie,3,0,3,0,0,0,0,0,0,0,0/0,0/0,0,0,18,2003,Scoring
5,Philadelphia Eagles,Donovan McNabb,3,3,0,0,0,0,0,0,0,0,0/0,0/0,0,0,18,2003,Scoring
6,Philadelphia Eagles,Freddie Mitchell,2,0,2,0,0,0,0,0,0,0,0/0,0/0,0,0,12,2003,Scoring
7,Philadelphia Eagles,Todd Pinkston,2,0,2,0,0,0,0,0,0,0,0/0,0/0,0,0,12,2003,Scoring
8,Philadelphia Eagles,L.J. Smith,1,0,1,0,0,0,0,0,0,0,0/0,0/0,0,0,6,2003,Scoring
9,Philadelphia Eagles,James Thrash,1,0,1,0,0,0,0,0,0,0,0/0,0/0,0,0,6,2003,Scoring
10,Philadelphia Eagles,Ndukwe Kalu,1,0,0,0,0,1,0,0,0,0,0/0,0/0,0,0,6,2003,Scoring
0,Philadelphia Eagles,David Akers,0,0,0,0,0,0,0,0,0,0,41/42,27/32,0,0,122,2004,Scoring
1,Philadelphia Eagles,Terrell Owens,14,0,14,0,0,0,0,0,0,0,0/0,0/0,0,0,84,2004,Scoring
2,Philadelphia Eagles,Brian Westbrook,9,3,6,0,0,0,0,0,0,0,0/0,0/0,0,0,54,2004,Scoring
3,Philadelphia Eagles,L.J. Smith,5,0,5,0,0,0,0,0,0,0,0/0,0/0,0,0,30,2004,Scoring
4,Philadelphia Eagles,Dorsey Levens,4,4,0,0,0,0,0,0,0,0,0/0,0/0,0,0,24,2004,Scoring
5,Philadelphia Eagles,Chad Lewis,3,0,3,0,0,0,0,0,0,0,0/0,0/0,0,0,18,2004,Scoring
6,Philadelphia Eagles,Donovan McNabb,3,3,0,0,0,0,0,0,0,0,0/0,0/0,0,0,18,2004,Scoring
7,Philadelphia Eagles,Lito Sheppard,2,0,0,0,0,2,0,0,0,0,0/0,0/0,0,0,12,2004,Scoring
8,Philadelphia Eagles,Freddie Mitchell,2,0,2,0,0,0,0,0,0,0,0/0,0/0,0,0,12,2004,Scoring
9,Philadelphia Eagles,Mike Bartrum,1,0,1,0,0,0,0,0,0,0,0/0,0/0,0,0,6,2004,Scoring
0,Philadelphia Eagles,David Akers,0,0,0,0,0,0,0,0,0,0,23/23,16/22,0,0,71,2005,Scoring
1,Philadelphia Eagles,Brian Westbrook,7,3,4,0,0,0,0,0,0,0,0/0,0/0,1,0,44,2005,Scoring
2,Philadelphia Eagles,Terrell Owens,6,0,6,0,0,0,0,0,0,0,0/0,0/0,0,0,36,2005,Scoring
3,Philadelphia Eagles,Reggie Brown,4,0,4,0,0,0,0,0,0,0,0/0,0/0,0,0,24,2005,Scoring
4,Philadelphia Eagles,Todd France,0,0,0,0,0,0,0,0,0,0,5/5,6/7,0,0,23,2005,Scoring
5,Philadelphia Eagles,Ryan Moats,3,3,0,0,0,0,0,0,0,0,0/0,0/0,0,0,18,2005,Scoring
6,Philadelphia Eagles,L.J. Smith,3,0,3,0,0,0,0,0,0,0,0/0,0/0,0,0,18,2005,Scoring
7,Philadelphia Eagles,Mike McMahon,3,3,0,0,0,0,0,0,0,0,0/0,0/0,0,0,18,2005,Scoring
8,Philadelphia Eagles,Mike Bartrum,2,0,2,0,0,0,0,0,0,0,0/0,0/0,0,0,12,2005,Scoring
9,Philadelphia Eagles,Sheldon Brown,2,0,0,0,0,1,1,0,0,0,0/0,0/0,0,0,12,2005,Scoring
10,Philadelphia Eagles,Lamar Gordon,1,1,0,0,0,0,0,0,0,0,0/0,0/0,0,0,6,2005,Scoring
11,Philadelphia Eagles,Matt Ware,1,0,0,0,0,0,0,1,0,0,0/0,0/0,0,0,6,2005,Scoring
12,Philadelphia Eagles,Greg Lewis,1,0,1,0,0,0,0,0,0,0,0/0,0/0,0,0,6,2005,Scoring
13,Philadelphia Eagles,Donovan McNabb,1,1,0,0,0,0,0,0,0,0,0/0,0/0,0,0,6,2005,Scoring
14,Philadelphia Eagles,Billy McMullen,1,0,1,0,0,0,0,0,0,0,0/0,0/0,0,0,6,2005,Scoring
0,Philadelphia Eagles,David Akers,0,0,0,0,0,0,0,0,0,0,48/48,18/23,0,0,102,2006,Scoring
1,Philadelphia Eagles,Brian Westbrook,11,7,4,0,0,0,0,0,0,0,0/0,0/0,0,0,66,2006,Scoring
2,Philadelphia Eagles,Reggie Brown,9,1,8,0,0,0,0,0,0,0,0/0,0/0,0,0,54,2006,Scoring
3,Philadelphia Eagles,L.J. Smith,5,0,5,0,0,0,0,0,0,0,0/0,0/0,1,0,32,2006,Scoring
4,Philadelphia Eagles,Donte' Stallworth,5,0,5,0,0,0,0,0,0,0,0/0,0/0,0,0,30,2006,Scoring
5,Philadelphia Eagles,Donovan McNabb,3,3,0,0,0,0,0,0,0,0,0/0,0/0,0,0,18,2006,Scoring
6,Philadelphia Eagles,Correll Buckhalter,3,2,1,0,0,0,0,0,0,0,0/0,0/0,0,0,18,2006,Scoring
7,Philadelphia Eagles,Matt Schobel,2,0,2,0,0,0,0,0,0,0,0/0,0/0,0,0,12,2006,Scoring
8,Philadelphia Eagles,Greg Lewis,2,0,2,0,0,0,0,0,0,0,0/0,0/0,0,0,12,2006,Scoring
9,Philadelphia Eagles,Hank Baskett,2,0,2,0,0,0,0,0,0,0,0/0,0/0,0,0,12,2006,Scoring
10,Philadelphia Eagles,Mike Patterson,1,0,0,0,0,0,1,0,0,0,0/0,0/0,0,0,6,2006,Scoring
11,Philadelphia Eagles,Lito Sheppard,1,0,0,0,0,1,0,0,0,0,0/0,0/0,0,0,6,2006,Scoring
12,Philadelphia Eagles,Thomas Tapeh,1,0,1,0,0,0,0,0,0,0,0/0,0/0,0,0,6,2006,Scoring
13,Philadelphia Eagles,Sheldon Brown,1,0,0,0,0,1,0,0,0,0,0/0,0/0,0,0,6,2006,Scoring
14,Philadelphia Eagles,Michael Lewis,1,0,0,0,0,1,0,0,0,0,0/0,0/0,0,0,6,2006,Scoring
15,Philadelphia Eagles,Trent Cole,1,0,0,0,0,1,0,0,0,0,0/0,0/0,0,0,6,2006,Scoring
16,Philadelphia Eagles,Jason Avant,1,0,1,0,0,0,0,0,0,0,0/0,0/0,0,0,6,2006,Scoring
0,Philadelphia Eagles,David Akers,0,0,0,0,0,0,0,0,0,0,36/36,24/32,0,0,108,2007,Scoring
1,Philadelphia Eagles,Brian Westbrook,12,7,5,0,0,0,0,0,0,0,0/0,0/0,0,0,72,2007,Scoring
2,Philadelphia Eagles,Kevin Curtis,8,0,6,0,0,0,2,0,0,0,0/0,0/0,0,0,48,2007,Scoring
3,Philadelphia Eagles,Correll Buckhalter,4,4,0,0,0,0,0,0,0,0,0/0,0/0,0,0,24,2007,Scoring
4,Philadelphia Eagles,Reggie Brown,4,0,4,0,0,0,0,0,0,0,0/0,0/0,0,0,24,2007,Scoring
5,Philadelphia Eagles,Greg Lewis,3,0,3,0,0,0,0,0,0,0,0/0,0/0,0,0,18,2007,Scoring
6,Philadelphia Eagles,Jason Avant,2,0,2,0,0,0,0,0,0,0,0/0,0/0,0,0,12,2007,Scoring
7,Philadelphia Eagles,Tony Hunt,1,1,0,0,0,0,0,0,0,0,0/0,0/0,0,0,6,2007,Scoring
8,Philadelphia Eagles,L.J. Smith,1,0,1,0,0,0,0,0,0,0,0/0,0/0,0,0,6,2007,Scoring
9,Philadelphia Eagles,Matt Schobel,1,0,1,0,0,0,0,0,0,0,0/0,0/0,0,0,6,2007,Scoring
10,Philadelphia Eagles,Hank Baskett,1,0,1,0,0,0,0,0,0,0,0/0,0/0,0,0,6,2007,Scoring
11,Philadelphia Eagles,Brent Celek,1,0,1,0,0,0,0,0,0,0,0/0,0/0,0,0,6,2007,Scoring
0,Philadelphia Eagles,David Akers,0,0,0,0,0,0,0,0,0,0,45/45,33/40,0,0,144,2008,Scoring
1,Philadelphia Eagles,Brian Westbrook,14,9,5,0,0,0,0,0,0,0,0/0,0/0,0,0,84,2008,Scoring
2,Philadelphia Eagles,Correll Buckhalter,4,2,2,0,0,0,0,0,0,0,0/0,0/0,0,0,24,2008,Scoring
3,Philadelphia Eagles,DeSean Jackson,4,1,2,0,1,0,0,0,0,0,0/0,0/0,0,0,24,2008,Scoring
4,Philadelphia Eagles,Hank Baskett,3,0,3,0,0,0,0,0,0,0,0/0,0/0,0,0,18,2008,Scoring
5,Philadelphia Eagles,L.J. Smith,3,0,3,0,0,0,0,0,0,0,0/0,0/0,0,0,18,2008,Scoring
6,Philadelphia Eagles,Donovan McNabb,2,2,0,0,0,0,0,0,0,0,0/0,0/0,0,0,12,2008,Scoring
7,Philadelphia Eagles,Kevin Curtis,2,0,2,0,0,0,0,0,0,0,0/0,0/0,0,0,12,2008,Scoring
8,Philadelphia Eagles,Jason Avant,2,0,2,0,0,0,0,0,0,0,0/0,0/0,0,0,12,2008,Scoring
9,Philadelphia Eagles,Chris Gocong,1,0,0,0,0,0,1,0,0,0,0/0,0/0,0,0,6,2008,Scoring
10,Philadelphia Eagles,Tony Hunt,1,1,0,0,0,0,0,0,0,0,0/0,0/0,0,0,6,2008,Scoring
11,Philadelphia Eagles,Juqua Parker,1,0,0,0,0,1,0,0,0,0,0/0,0/0,0,0,6,2008,Scoring
12,Philadelphia Eagles,Chris Clemons,1,0,0,0,0,0,1,0,0,0,0/0,0/0,0,0,6,2008,Scoring
13,Philadelphia Eagles,Brent Celek,1,0,1,0,0,0,0,0,0,0,0/0,0/0,0,0,6,2008,Scoring
14,Philadelphia Eagles,Asante Samuel,1,0,0,0,0,1,0,0,0,0,0/0,0/0,0,0,6,2008,Scoring
15,Philadelphia Eagles,Greg Lewis,1,0,1,0,0,0,0,0,0,0,0/0,0/0,0,0,6,2008,Scoring
16,Philadelphia Eagles,Quintin Demps,1,0,0,1,0,0,0,0,0,0,0/0,0/0,0,0,6,2008,Scoring
17,Philadelphia Eagles,Todd Herremans,1,0,1,0,0,0,0,0,0,0,0/0,0/0,0,0,6,2008,Scoring
18,Philadelphia Eagles,Reggie Brown,1,0,1,0,0,0,0,0,0,0,0/0,0/0,0,0,6,2008,Scoring
0,Philadelphia Eagles,David Akers,0,0,0,0,0,0,0,0,0,0,43/45,32/37,0,0,139,2009,Scoring
1,Philadelphia Eagles,DeSean Jackson,12,1,9,0,2,0,0,0,0,0,0/0,0/0,0,0,72,2009,Scoring
2,Philadelphia Eagles,Brent Celek,8,0,8,0,0,0,0,0,0,0,0/0,0/0,0,0,48,2009,Scoring
3,Philadelphia Eagles,LeSean McCoy,4,4,0,0,0,0,0,0,0,0,0/0,0/0,1,0,26,2009,Scoring
4,Philadelphia Eagles,Leonard Weaver,4,2,2,0,0,0,0,0,0,0,0/0,0/0,0,0,24,2009,Scoring
5,Philadelphia Eagles,Jeremy Maclin,4,0,4,0,0,0,0,0,0,0,0/0,0/0,0,0,24,2009,Scoring
6,Philadelphia Eagles,Jason Avant,3,0,3,0,0,0,0,0,0,0,0/0,0/0,1,0,20,2009,Scoring
7,Philadelphia Eagles,Donovan McNabb,2,2,0,0,0,0,0,0,0,0,0/0,0/0,0,0,12,2009,Scoring
8,Philadelphia Eagles,Brian Westbrook,2,1,1,0,0,0,0,0,0,0,0/0,0/0,0,0,12,2009,Scoring
9,Philadelphia Eagles,Sheldon Brown,2,0,0,0,0,1,1,0,0,0,0/0,0/0,0,0,12,2009,Scoring
10,Philadelphia Eagles,Michael Vick,2,2,0,0,0,0,0,0,0,0,0/0,0/0,0,0,12,2009,Scoring
11,Philadelphia Eagles,Kevin Kolb,1,1,0,0,0,0,0,0,0,0,0/0,0/0,0,0,6,2009,Scoring
12,Philadelphia Eagles,Will Witherspoon,1,0,0,0,0,1,0,0,0,0,0/0,0/0,0,0,6,2009,Scoring
13,Philadelphia Eagles,Eldra Buckley,1,1,0,0,0,0,0,0,0,0,0/0,0/0,0,0,6,2009,Scoring
14,Philadelphia Eagles,Victor Abiamiri,1,0,0,0,0,0,1,0,0,0,0/0,0/0,0,0,6,2009,Scoring
0,Philadelphia Eagles,David Akers,0,0,0,0,0,0,0,0,0,0,47/47,32/38,0,0,143,2010,Scoring
1,Philadelphia Eagles,Jeremy Maclin,10,0,10,0,0,0,0,0,0,0,0/0,0/0,0,0,60,2010,Scoring
2,Philadelphia Eagles,LeSean McCoy,9,7,2,0,0,0,0,0,0,0,0/0,0/0,0,0,54,2010,Scoring
3,Philadelphia Eagles,Michael Vick,9,9,0,0,0,0,0,0,0,0,0/0,0/0,0,0,54,2010,Scoring
4,Philadelphia Eagles,DeSean Jackson,8,1,6,0,1,0,0,0,0,0,0/0,0/0,0,0,48,2010,Scoring
5,Philadelphia Eagles,Brent Celek,4,0,4,0,0,0,0,0,0,0,0/0,0/0,0,0,24,2010,Scoring
6,Philadelphia Eagles,Jason Avant,1,0,1,0,0,0,0,0,0,0,0/0,0/0,1,0,8,2010,Scoring
7,Philadelphia Eagles,Quintin Mikell,1,0,0,0,0,0,1,0,0,0,0/0,0/0,0,0,6,2010,Scoring
8,Philadelphia Eagles,Riley Cooper,1,0,1,0,0,0,0,0,0,0,0/0,0/0,0,0,6,2010,Scoring
9,Philadelphia Eagles,Jerome Harrison,1,1,0,0,0,0,0,0,0,0,0/0,0/0,0,0,6,2010,Scoring
10,Philadelphia Eagles,Dimitri Patterson,1,0,0,0,0,1,0,0,0,0,0/0,0/0,0,0,6,2010,Scoring
11,Philadelphia Eagles,Owen Schmitt,1,0,1,0,0,0,0,0,0,0,0/0,0/0,0,0,6,2010,Scoring
12,Philadelphia Eagles,Todd Herremans,1,0,1,0,0,0,0,0,0,0,0/0,0/0,0,0,6,2010,Scoring
13,Philadelphia Eagles,Clay Harbor,1,0,1,0,0,0,0,0,0,0,0/0,0/0,0,0,6,2010,Scoring
14,Philadelphia Eagles,Chad Hall,1,0,1,0,0,0,0,0,0,0,0/0,0/0,0,0,6,2010,Scoring
0,Philadelphia Eagles,LeSean McCoy,20,17,3,0,0,0,0,0,0,0,0/0,0/0,0,0,120,2011,Scoring
1,Philadelphia Eagles,Alex Henery,0,0,0,0,0,0,0,0,0,0,46/46,24/27,0,0,118,2011,Scoring
2,Philadelphia Eagles,Jeremy Maclin,5,0,5,0,0,0,0,0,0,0,0/0,0/0,0,0,30,2011,Scoring
3,Philadelphia Eagles,Brent Celek,5,0,5,0,0,0,0,0,0,0,0/0,0/0,0,0,30,2011,Scoring
4,Philadelphia Eagles,DeSean Jackson,4,0,4,0,0,0,0,0,0,0,0/0,0/0,0,0,24,2011,Scoring
5,Philadelphia Eagles,Juqua Parker,2,0,0,0,0,0,2,0,0,0,0/0,0/0,0,0,12,2011,Scoring
6,Philadelphia Eagles,Michael Vick,1,1,0,0,0,0,0,0,0,0,0/0,0/0,0,0,6,2011,Scoring
7,Philadelphia Eagles,Clay Harbor,1,0,1,0,0,0,0,0,0,0,0/0,0/0,0,0,6,2011,Scoring
8,Philadelphia Eagles,Brian Rolle,1,0,0,0,0,0,1,0,0,0,0/0,0/0,0,0,6,2011,Scoring
9,Philadelphia Eagles,Ronnie Brown,1,1,0,0,0,0,0,0,0,0,0/0,0/0,0,0,6,2011,Scoring
10,Philadelphia Eagles,Asante Samuel,1,0,0,0,0,1,0,0,0,0,0/0,0/0,0,0,6,2011,Scoring
11,Philadelphia Eagles,Steve Smith,1,0,1,0,0,0,0,0,0,0,0/0,0/0,0,0,6,2011,Scoring
12,Philadelphia Eagles,Riley Cooper,1,0,1,0,0,0,0,0,0,0,0/0,0/0,0,0,6,2011,Scoring
13,Philadelphia Eagles,Jason Avant,1,0,1,0,0,0,0,0,0,0,0/0,0/0,0,0,6,2011,Scoring
14,Philadelphia Eagles,Chad Hall,1,0,1,0,0,0,0,0,0,0,0/0,0/0,0,0,6,2011,Scoring
15,Philadelphia Eagles,Dion Lewis,1,1,0,0,0,0,0,0,0,0,0/0,0/0,0,0,6,2011,Scoring
16,Philadelphia Eagles,Phillip Hunt,0,0,0,0,0,0,0,0,0,0,0/0,0/0,0,1,2,2011,Scoring
0,Philadelphia Eagles,Alex Henery,0,0,0,0,0,0,0,0,0,0,25/26,27/31,0,0,106,2012,Scoring
1,Philadelphia Eagles,Jeremy Maclin,7,0,7,0,0,0,0,0,0,0,0/0,0/0,0,0,42,2012,Scoring
2,Philadelphia Eagles,LeSean McCoy,5,2,3,0,0,0,0,0,0,0,0/0,0/0,0,0,30,2012,Scoring
3,Philadelphia Eagles,Bryce Brown,4,4,0,0,0,0,0,0,0,0,0/0,0/0,0,0,24,2012,Scoring
4,Philadelphia Eagles,Riley Cooper,3,0,3,0,0,0,0,0,0,0,0/0,0/0,0,0,18,2012,Scoring
5,Philadelphia Eagles,Clay Harbor,2,0,2,0,0,0,0,0,0,0,0/0,0/0,0,0,12,2012,Scoring
6,Philadelphia Eagles,DeSean Jackson,2,0,2,0,0,0,0,0,0,0,0/0,0/0,0,0,12,2012,Scoring
7,Philadelphia Eagles,Michael Vick,1,1,0,0,0,0,0,0,0,0,0/0,0/0,0,0,6,2012,Scoring
8,Philadelphia Eagles,Brent Celek,1,0,1,0,0,0,0,0,0,0,0/0,0/0,0,0,6,2012,Scoring
9,Philadelphia Eagles,Nick Foles,1,1,0,0,0,0,0,0,0,0,0/0,0/0,0,0,6,2012,Scoring
10,Philadelphia Eagles,Stanley Havili,1,1,0,0,0,0,0,0,0,0,0/0,0/0,0,0,6,2012,Scoring
11,Philadelphia Eagles,Damaris Johnson,1,0,0,0,1,0,0,0,0,0,0/0,0/0,0,0,6,2012,Scoring
0,Philadelphia Eagles,Alex Henery,0,0,0,0,0,0,0,0,0,0,45/45,23/28,0,0,114,2013,Scoring
1,Philadelphia Eagles,LeSean McCoy,11,9,2,0,0,0,0,0,0,0,0/0,0/0,0,0,66,2013,Scoring
2,Philadelphia Eagles,DeSean Jackson,9,0,9,0,0,0,0,0,0,0,0/0,0/0,0,0,54,2013,Scoring
3,Philadelphia Eagles,Riley Cooper,8,0,8,0,0,0,0,0,0,0,0/0,0/0,2,0,52,2013,Scoring
4,Philadelphia Eagles,Brent Celek,6,0,6,0,0,0,0,0,0,0,0/0,0/0,0,0,36,2013,Scoring
5,Philadelphia Eagles,Zach Ertz,4,0,4,0,0,0,0,0,0,0,0/0,0/0,0,0,24,2013,Scoring
6,Philadelphia Eagles,Nick Foles,3,3,0,0,0,0,0,0,0,0,0/0,0/0,0,0,18,2013,Scoring
7,Philadelphia Eagles,Chris Polk,3,3,0,0,0,0,0,0,0,0,0/0,0/0,0,0,18,2013,Scoring
8,Philadelphia Eagles,Bryce Brown,2,2,0,0,0,0,0,0,0,0,0/0,0/0,1,0,14,2013,Scoring
9,Philadelphia Eagles,Jason Avant,2,0,2,0,0,0,0,0,0,0,0/0,0/0,0,0,12,2013,Scoring
10,Philadelphia Eagles,Michael Vick,2,2,0,0,0,0,0,0,0,0,0/0,0/0,0,0,12,2013,Scoring
11,Philadelphia Eagles,Jeff Maehl,1,0,1,0,0,0,0,0,0,0,0/0,0/0,0,0,6,2013,Scoring
12,Philadelphia Eagles,Najee Goode,1,0,0,0,0,0,1,0,0,0,0/0,0/0,0,0,6,2013,Scoring
13,Philadelphia Eagles,Brandon Boykin,1,0,0,0,0,1,0,0,0,0,0/0,0/0,0,0,6,2013,Scoring
14,Philadelphia Eagles,Trent Cole,0,0,0,0,0,0,0,0,0,0,0/0,0/0,0,1,2,2013,Scoring
0,Philadelphia Eagles,Cody Parkey,0,0,0,0,0,0,0,0,0,0,54/54,32/36,0,0,150,2014,Scoring
1,Philadelphia Eagles,Jeremy Maclin,10,0,10,0,0,0,0,0,0,0,0/0,0/0,0,0,60,2014,Scoring
2,Philadelphia Eagles,Jordan Matthews,8,0,8,0,0,0,0,0,0,0,0/0,0/0,0,0,48,2014,Scoring
3,Philadelphia Eagles,Darren Sproles,8,6,0,0,2,0,0,0,0,0,0/0,0/0,0,0,48,2014,Scoring
4,Philadelphia Eagles,Chris Polk,5,4,0,1,0,0,0,0,0,0,0/0,0/0,0,0,30,2014,Scoring
5,Philadelphia Eagles,LeSean McCoy,5,5,0,0,0,0,0,0,0,0,0/0,0/0,0,0,30,2014,Scoring
6,Philadelphia Eagles,Riley Cooper,3,0,3,0,0,0,0,0,0,0,0/0,0/0,0,0,18,2014,Scoring
7,Philadelphia Eagles,Zach Ertz,3,0,3,0,0,0,0,0,0,0,0/0,0/0,0,0,18,2014,Scoring
8,Philadelphia Eagles,James Casey,2,0,2,0,0,0,0,0,0,0,0/0,0/0,0,0,12,2014,Scoring
9,Philadelphia Eagles,Fletcher Cox,1,0,0,0,0,0,1,0,0,0,0/0,0/0,0,0,6,2014,Scoring
10,Philadelphia Eagles,Brad Smith,1,0,0,0,0,0,0,0,1,0,0/0,0/0,0,0,6,2014,Scoring
11,Philadelphia Eagles,Malcolm Jenkins,1,0,0,0,0,1,0,0,0,0,0/0,0/0,0,0,6,2014,Scoring
12,Philadelphia Eagles,Cedric Thornton,1,0,0,0,0,0,1,0,0,0,0/0,0/0,0,0,6,2014,Scoring
13,Philadelphia Eagles,Chris Maragos,1,0,0,0,0,0,0,0,1,0,0/0,0/0,0,0,6,2014,Scoring
14,Philadelphia Eagles,Mark Sanchez,1,1,0,0,0,0,0,0,0,0,0/0,0/0,0,0,6,2014,Scoring
15,Philadelphia Eagles,Bradley Fletcher,1,0,0,0,0,1,0,0,0,0,0/0,0/0,0,0,6,2014,Scoring
16,Philadelphia Eagles,Josh Huff,1,0,0,1,0,0,0,0,0,0,0/0,0/0,0,0,6,2014,Scoring
17,Philadelphia Eagles,Brent Celek,1,0,1,0,0,0,0,0,0,0,0/0,0/0,0,0,6,2014,Scoring
18,Philadelphia Eagles,Trey Burton,1,0,0,0,0,0,0,0,1,0,0/0,0/0,0,0,6,2014,Scoring
0,Philadelphia Eagles,Caleb Sturgis,0,0,0,0,0,0,0,0,0,0,35/37,18/22,0,0,89,2015,Scoring
1,Philadelphia Eagles,Jordan Matthews,8,0,8,0,0,0,0,0,0,0,0/0,0/0,0,0,48,2015,Scoring
2,Philadelphia Eagles,DeMarco Murray,7,6,1,0,0,0,0,0,0,0,0/0,0/0,0,0,42,2015,Scoring
3,Philadelphia Eagles,Ryan Mathews,7,6,1,0,0,0,0,0,0,0,0/0,0/0,0,0,42,2015,Scoring
4,Philadelphia Eagles,Darren Sproles,6,3,1,0,2,0,0,0,0,0,0/0,0/0,0,0,36,2015,Scoring
5,Philadelphia Eagles,Brent Celek,3,0,3,0,0,0,0,0,0,0,0/0,0/0,0,0,18,2015,Scoring
6,Philadelphia Eagles,Josh Huff,3,0,3,0,0,0,0,0,0,0,0/0,0/0,0,0,18,2015,Scoring
7,Philadelphia Eagles,Cody Parkey,0,0,0,0,0,0,0,0,0,0,7/7,3/4,0,0,16,2015,Scoring
8,Philadelphia Eagles,Riley Cooper,2,0,2,0,0,0,0,0,0,0,0/0,0/0,0,0,12,2015,Scoring
9,Philadelphia Eagles,Zach Ertz,2,0,2,0,0,0,0,0,0,0,0/0,0/0,0,0,12,2015,Scoring
10,Philadelphia Eagles,Walter Thurmond,1,0,0,0,0,0,1,0,0,0,0/0,0/0,0,1,8,2015,Scoring
11,Philadelphia Eagles,Malcolm Jenkins,1,0,0,0,0,1,0,0,0,0,0/0,0/0,0,0,6,2015,Scoring
12,Philadelphia Eagles,Najee Goode,1,0,0,0,0,0,0,0,1,0,0/0,0/0,0,0,6,2015,Scoring
13,Philadelphia Eagles,Nolan Carroll,1,0,0,0,0,1,0,0,0,0,0/0,0/0,0,0,6,2015,Scoring
14,Philadelphia Eagles,Jordan Hicks,1,0,0,0,0,1,0,0,0,0,0/0,0/0,0,0,6,2015,Scoring
15,Philadelphia Eagles,Miles Austin,1,0,1,0,0,0,0,0,0,0,0/0,0/0,0,0,6,2015,Scoring
16,Philadelphia Eagles,Nelson Agholor,1,0,1,0,0,0,0,0,0,0,0/0,0/0,0,0,6,2015,Scoring
17,Philadelphia Eagles,Mark Sanchez,0,0,0,0,0,0,0,0,0,0,0/0,0/0,0,0,0,2015,Scoring
0,New England Patriots,Adam Vinatieri,0,0,0,0,0,0,0,0,0,0,25/25,27/33,0,0,106,2000,Scoring
1,New England Patriots,Terry Glenn,6,0,6,0,0,0,0,0,0,0,0/0,0/0,0,0,36,2000,Scoring
2,New England Patriots,Kevin Faulk,5,4,1,0,0,0,0,0,0,0,0/0,0/0,1,0,32,2000,Scoring
3,New England Patriots,Troy Brown,5,0,4,0,1,0,0,0,0,0,0/0,0/0,0,0,30,2000,Scoring
4,New England Patriots,J.R. Redmond,3,1,2,0,0,0,0,0,0,0,0/0,0/0,0,0,18,2000,Scoring
5,New England Patriots,Eric Bjornson,2,0,2,0,0,0,0,0,0,0,0/0,0/0,0,0,12,2000,Scoring
6,New England Patriots,Drew Bledsoe,2,2,0,0,0,0,0,0,0,0,0/0,0/0,0,0,12,2000,Scoring
7,New England Patriots,Tony Carter,2,2,0,0,0,0,0,0,0,0,0/0,0/0,0,0,12,2000,Scoring
8,New England Patriots,Tony Simmons,1,0,1,0,0,0,0,0,0,0,0/0,0/0,0,0,6,2000,Scoring
9,New England Patriots,Rod Rutledge,1,0,1,0,0,0,0,0,0,0,0/0,0/0,0,0,6,2000,Scoring
0,New England Patriots,Adam Vinatieri,0,0,0,0,0,0,0,0,0,0,41/42,24/30,0,0,113,2001,Scoring
1,New England Patriots,Antowain Smith,13,12,1,0,0,0,0,0,0,0,0/0,0/0,0,0,78,2001,Scoring
2,New England Patriots,Troy Brown,7,0,5,0,2,0,0,0,0,0,0/0,0/0,0,0,42,2001,Scoring
3,New England Patriots,David Patten,5,1,4,0,0,0,0,0,0,0,0/0,0/0,0,0,30,2001,Scoring
4,New England Patriots,Jermaine Wiggins,4,0,4,0,0,0,0,0,0,0,0/0,0/0,0,0,24,2001,Scoring
5,New England Patriots,Marc Edwards,3,1,2,0,0,0,0,0,0,0,0/0,0/0,0,0,18,2001,Scoring
6,New England Patriots,Kevin Faulk,3,1,2,0,0,0,0,0,0,0,0/0,0/0,0,0,18,2001,Scoring
7,New England Patriots,Otis Smith,2,0,0,0,0,2,0,0,0,0,0/0,0/0,0,0,12,2001,Scoring
8,New England Patriots,Ty Law,2,0,0,0,0,2,0,0,0,0,0/0,0/0,0,0,12,2001,Scoring
9,New England Patriots,Terry Glenn,1,0,1,0,0,0,0,0,0,0,0/0,0/0,0,0,6,2001,Scoring
10,New England Patriots,Terrell Buckley,1,0,0,0,0,1,0,0,0,0,0/0,0/0,0,0,6,2001,Scoring
11,New England Patriots,Charles Johnson,1,0,1,0,0,0,0,0,0,0,0/0,0/0,0,0,6,2001,Scoring
12,New England Patriots,Patrick Pass,1,0,1,0,0,0,0,0,0,0,0/0,0/0,0,0,6,2001,Scoring
0,New England Patriots,Adam Vinatieri,0,0,0,0,0,0,0,0,0,0,36/36,27/30,0,0,117,2002,Scoring
1,New England Patriots,Antowain Smith,8,6,2,0,0,0,0,0,0,0,0/0,0/0,1,0,50,2002,Scoring
2,New England Patriots,Christian Fauria,7,0,7,0,0,0,0,0,0,0,0/0,0/0,1,0,44,2002,Scoring
3,New England Patriots,Kevin Faulk,7,2,3,2,0,0,0,0,0,0,0/0,0/0,0,0,42,2002,Scoring
4,New England Patriots,David Patten,5,0,5,0,0,0,0,0,0,0,0/0,0/0,0,0,30,2002,Scoring
5,New England Patriots,Troy Brown,3,0,3,0,0,0,0,0,0,0,0/0,0/0,1,0,20,2002,Scoring
6,New England Patriots,Deion Branch,2,0,2,0,0,0,0,0,0,0,0/0,0/0,0,0,12,2002,Scoring
7,New England Patriots,Tedy Bruschi,2,0,0,0,0,2,0,0,0,0,0/0,0/0,0,0,12,2002,Scoring
8,New England Patriots,Donald Hayes,2,0,2,0,0,0,0,0,0,0,0/0,0/0,0,0,12,2002,Scoring
9,New England Patriots,Victor Green,1,0,0,0,0,1,0,0,0,0,0/0,0/0,0,0,6,2002,Scoring
10,New England Patriots,Tebucky Jones,1,0,0,0,0,0,1,0,0,0,0/0,0/0,0,0,6,2002,Scoring
11,New England Patriots,Daniel Graham,1,0,1,0,0,0,0,0,0,0,0/0,0/0,0,0,6,2002,Scoring
12,New England Patriots,Cameron Cleeland,1,0,1,0,0,0,0,0,0,0,0/0,0/0,0,0,6,2002,Scoring
13,New England Patriots,Mike Vrabel,1,0,1,0,0,0,0,0,0,0,0/0,0/0,0,0,6,2002,Scoring
0,New England Patriots,Adam Vinatieri,0,0,0,0,0,0,0,0,0,0,37/38,25/34,0,0,112,2003,Scoring
1,New England Patriots,David Givens,6,0,6,0,0,0,0,0,0,0,0/0,0/0,0,0,36,2003,Scoring
2,New England Patriots,Mike Cloud,5,5,0,0,0,0,0,0,0,0,0/0,0/0,0,0,30,2003,Scoring
3,New England Patriots,Daniel Graham,4,0,4,0,0,0,0,0,0,0,0/0,0/0,0,0,24,2003,Scoring
4,New England Patriots,Troy Brown,4,0,4,0,0,0,0,0,0,0,0/0,0/0,0,0,24,2003,Scoring
5,New England Patriots,Bethel Johnson,3,0,2,1,0,0,0,0,0,0,0/0,0/0,0,0,18,2003,Scoring
6,New England Patriots,Antowain Smith,3,3,0,0,0,0,0,0,0,0,0/0,0/0,0,0,18,2003,Scoring
7,New England Patriots,Deion Branch,3,0,3,0,0,0,0,0,0,0,0/0,0/0,0,0,18,2003,Scoring
8,New England Patriots,Tedy Bruschi,2,0,0,0,0,2,0,0,0,0,0/0,0/0,0,0,12,2003,Scoring
9,New England Patriots,Christian Fauria,2,0,2,0,0,0,0,0,0,0,0/0,0/0,0,0,12,2003,Scoring
10,New England Patriots,Larry Centers,1,0,1,0,0,0,0,0,0,0,0/0,0/0,0,0,6,2003,Scoring
11,New England Patriots,Dedric Ward,1,0,1,0,0,0,0,0,0,0,0/0,0/0,0,0,6,2003,Scoring
12,New England Patriots,Tom Brady,1,1,0,0,0,0,0,0,0,0,0/0,0/0,0,0,6,2003,Scoring
13,New England Patriots,Matt Chatham,1,0,0,0,0,0,1,0,0,0,0/0,0/0,0,0,6,2003,Scoring
14,New England Patriots,Ty Law,1,0,0,0,0,1,0,0,0,0,0/0,0/0,0,0,6,2003,Scoring
15,New England Patriots,Asante Samuel,1,0,0,0,0,1,0,0,0,0,0/0,0/0,0,0,6,2003,Scoring
0,New England Patriots,Adam Vinatieri,0,0,0,0,0,0,0,0,0,0,48/48,31/33,0,0,141,2004,Scoring
1,New England Patriots,Corey Dillon,13,12,1,0,0,0,0,0,0,0,0/0,0/0,1,0,80,2004,Scoring
2,New England Patriots,David Patten,7,0,7,0,0,0,0,0,0,0,0/0,0/0,0,0,42,2004,Scoring
3,New England Patriots,Daniel Graham,7,0,7,0,0,0,0,0,0,0,0/0,0/0,0,0,42,2004,Scoring
4,New England Patriots,Deion Branch,4,0,4,0,0,0,0,0,0,0,0/0,0/0,0,0,24,2004,Scoring
5,New England Patriots,David Givens,3,0,3,0,0,0,0,0,0,0,0/0,0/0,0,0,18,2004,Scoring
6,New England Patriots,Kevin Faulk,3,2,1,0,0,0,0,0,0,0,0/0,0/0,0,0,18,2004,Scoring
7,New England Patriots,Christian Fauria,2,0,2,0,0,0,0,0,0,0,0/0,0/0,0,0,12,2004,Scoring
8,New England Patriots,Mike Vrabel,2,0,2,0,0,0,0,0,0,0,0/0,0/0,0,0,12,2004,Scoring
9,New England Patriots,Bethel Johnson,2,0,1,1,0,0,0,0,0,0,0/0,0/0,0,0,12,2004,Scoring
10,New England Patriots,Richard Seymour,1,0,0,0,0,0,1,0,0,0,0/0,0/0,0,0,6,2004,Scoring
11,New England Patriots,Rabih Abdullah,1,1,0,0,0,0,0,0,0,0,0/0,0/0,0,0,6,2004,Scoring
12,New England Patriots,Troy Brown,1,0,1,0,0,0,0,0,0,0,0/0,0/0,0,0,6,2004,Scoring
13,New England Patriots,Jarvis Green,1,0,0,0,0,0,1,0,0,0,0/0,0/0,0,0,6,2004,Scoring
14,New England Patriots,Randall Gay,1,0,0,0,0,0,1,0,0,0,0/0,0/0,0,0,6,2004,Scoring
0,New England Patriots,Adam Vinatieri,0,0,0,0,0,0,0,0,0,0,40/41,20/25,0,0,100,2005,Scoring
1,New England Patriots,Corey Dillon,13,12,1,0,0,0,0,0,0,0,0/0,0/0,0,0,78,2005,Scoring
2,New England Patriots,Deion Branch,5,0,5,0,0,0,0,0,0,0,0/0,0/0,0,0,30,2005,Scoring
3,New England Patriots,Benjamin Watson,4,0,4,0,0,0,0,0,0,0,0/0,0/0,0,0,24,2005,Scoring
4,New England Patriots,Mike Vrabel,4,0,3,0,0,1,0,0,0,0,0/0,0/0,0,0,24,2005,Scoring
5,New England Patriots,Daniel Graham,3,0,3,0,0,0,0,0,0,0,0/0,0/0,0,0,18,2005,Scoring
6,New England Patriots,Tim Dwight,3,0,3,0,0,0,0,0,0,0,0/0,0/0,0,0,18,2005,Scoring
7,New England Patriots,Patrick Pass,3,3,0,0,0,0,0,0,0,0,0/0,0/0,0,0,18,2005,Scoring
8,New England Patriots,Christian Fauria,2,0,2,0,0,0,0,0,0,0,0/0,0/0,0,0,12,2005,Scoring
9,New England Patriots,Troy Brown,2,0,2,0,0,0,0,0,0,0,0/0,0/0,0,0,12,2005,Scoring
10,New England Patriots,David Givens,2,0,2,0,0,0,0,0,0,0,0/0,0/0,0,0,12,2005,Scoring
11,New England Patriots,Tom Brady,1,1,0,0,0,0,0,0,0,0,0/0,0/0,0,0,6,2005,Scoring
12,New England Patriots,Bethel Johnson,1,0,1,0,0,0,0,0,0,0,0/0,0/0,0,0,6,2005,Scoring
13,New England Patriots,Andre' Davis,1,0,1,0,0,0,0,0,0,0,0/0,0/0,0,0,6,2005,Scoring
14,New England Patriots,James Sanders,1,0,0,0,0,1,0,0,0,0,0/0,0/0,0,0,6,2005,Scoring
15,New England Patriots,Thomas Ashworth,1,0,1,0,0,0,0,0,0,0,0/0,0/0,0,0,6,2005,Scoring
16,New England Patriots,Heath Evans,0,0,0,0,0,0,0,0,0,0,0/0,0/0,1,0,2,2005,Scoring
0,New England Patriots,Stephen Gostkowski,0,0,0,0,0,0,0,0,0,0,43/44,20/26,0,0,103,2006,Scoring
1,New England Patriots,Corey Dillon,13,13,0,0,0,0,0,0,0,0,0/0,0/0,0,0,78,2006,Scoring
2,New England Patriots,Laurence Maroney,7,6,1,0,0,0,0,0,0,0,0/0,0/0,0,0,42,2006,Scoring
3,New England Patriots,Troy Brown,4,0,4,0,0,0,0,0,0,0,0/0,0/0,1,0,26,2006,Scoring
4,New England Patriots,Reche Caldwell,4,0,4,0,0,0,0,0,0,0,0/0,0/0,1,0,26,2006,Scoring
5,New England Patriots,Kevin Faulk,3,1,2,0,0,0,0,0,0,0,0/0,0/0,0,0,18,2006,Scoring
6,New England Patriots,Chad Jackson,3,0,3,0,0,0,0,0,0,0,0/0,0/0,0,0,18,2006,Scoring
7,New England Patriots,Doug Gabriel,3,0,3,0,0,0,0,0,0,0,0/0,0/0,0,0,18,2006,Scoring
8,New England Patriots,Benjamin Watson,3,0,3,0,0,0,0,0,0,0,0/0,0/0,0,0,18,2006,Scoring
9,New England Patriots,Daniel Graham,2,0,2,0,0,0,0,0,0,0,0/0,0/0,0,0,12,2006,Scoring
10,New England Patriots,Heath Evans,1,0,1,0,0,0,0,0,0,0,0/0,0/0,0,0,6,2006,Scoring
11,New England Patriots,Jabar Gaffney,1,0,1,0,0,0,0,0,0,0,0/0,0/0,0,0,6,2006,Scoring
12,New England Patriots,Ellis Hobbs,1,0,0,1,0,0,0,0,0,0,0/0,0/0,0,0,6,2006,Scoring
13,New England Patriots,David Thomas,1,0,1,0,0,0,0,0,0,0,0/0,0/0,0,0,6,2006,Scoring
14,New England Patriots,Ty Warren,0,0,0,0,0,0,0,0,0,0,0/0,0/0,0,1,2,2006,Scoring
0,New England Patriots,Randy Moss,23,0,23,0,0,0,0,0,0,0,0/0,0/0,0,0,138,2007,Scoring
1,New England Patriots,Stephen Gostkowski,0,0,0,0,0,0,0,0,0,0,74/74,21/24,0,0,137,2007,Scoring
2,New England Patriots,Wes Welker,8,0,8,0,0,0,0,0,0,0,0/0,0/0,0,0,48,2007,Scoring
3,New England Patriots,Laurence Maroney,6,6,0,0,0,0,0,0,0,0,0/0,0/0,1,0,38,2007,Scoring
4,New England Patriots,Benjamin Watson,6,0,6,0,0,0,0,0,0,0,0/0,0/0,0,0,36,2007,Scoring
5,New England Patriots,Jabar Gaffney,5,0,5,0,0,0,0,0,0,0,0/0,0/0,0,0,30,2007,Scoring
6,New England Patriots,Sammy Morris,3,3,0,0,0,0,0,0,0,0,0/0,0/0,0,0,18,2007,Scoring
7,New England Patriots,Heath Evans,3,3,0,0,0,0,0,0,0,0,0/0,0/0,0,0,18,2007,Scoring
8,New England Patriots,Donte' Stallworth,3,0,3,0,0,0,0,0,0,0,0/0,0/0,0,0,18,2007,Scoring
9,New England Patriots,Ellis Hobbs,2,0,0,1,0,0,1,0,0,0,0/0,0/0,0,0,12,2007,Scoring
10,New England Patriots,Tom Brady,2,2,0,0,0,0,0,0,0,0,0/0,0/0,0,0,12,2007,Scoring
11,New England Patriots,Mike Vrabel,2,0,2,0,0,0,0,0,0,0,0/0,0/0,0,0,12,2007,Scoring
12,New England Patriots,Kyle Eckel,2,2,0,0,0,0,0,0,0,0,0/0,0/0,0,0,12,2007,Scoring
13,New England Patriots,Kyle Brady,2,0,2,0,0,0,0,0,0,0,0/0,0/0,0,0,12,2007,Scoring
14,New England Patriots,Randall Gay,1,0,0,0,0,0,1,0,0,0,0/0,0/0,0,0,6,2007,Scoring
15,New England Patriots,Asante Samuel,1,0,0,0,0,1,0,0,0,0,0/0,0/0,0,0,6,2007,Scoring
16,New England Patriots,Kevin Faulk,1,0,1,0,0,0,0,0,0,0,0/0,0/0,0,0,6,2007,Scoring
17,New England Patriots,Rosevelt Colvin,1,0,0,0,0,0,1,0,0,0,0/0,0/0,0,0,6,2007,Scoring
18,New England Patriots,Matt Cassel,1,1,0,0,0,0,0,0,0,0,0/0,0/0,0,0,6,2007,Scoring
19,New England Patriots,Willie Andrews,1,0,0,1,0,0,0,0,0,0,0/0,0/0,0,0,6,2007,Scoring
0,New England Patriots,Stephen Gostkowski,0,0,0,0,0,0,0,0,0,0,40/40,36/40,0,0,148,2008,Scoring
1,New England Patriots,Randy Moss,11,0,11,0,0,0,0,0,0,0,0/0,0/0,0,0,66,2008,Scoring
2,New England Patriots,Sammy Morris,7,7,0,0,0,0,0,0,0,0,0/0,0/0,0,0,42,2008,Scoring
3,New England Patriots,Kevin Faulk,6,3,3,0,0,0,0,0,0,0,0/0,0/0,0,0,36,2008,Scoring
4,New England Patriots,BenJarvus Green-Ellis,5,5,0,0,0,0,0,0,0,0,0/0,0/0,0,0,30,2008,Scoring
5,New England Patriots,LaMont Jordan,4,4,0,0,0,0,0,0,0,0,0/0,0/0,0,0,24,2008,Scoring
6,New England Patriots,Wes Welker,3,0,3,0,0,0,0,0,0,0,0/0,0/0,1,0,20,2008,Scoring
7,New England Patriots,Jabar Gaffney,2,0,2,0,0,0,0,0,0,0,0/0,0/0,1,0,14,2008,Scoring
8,New England Patriots,Matt Cassel,2,2,0,0,0,0,0,0,0,0,0/0,0/0,0,0,12,2008,Scoring
0,New England Patriots,Stephen Gostkowski,0,0,0,0,0,0,0,0,0,0,47/47,26/31,0,0,125,2009,Scoring
1,New England Patriots,Randy Moss,13,0,13,0,0,0,0,0,0,0,0/0,0/0,1,0,80,2009,Scoring
2,New England Patriots,Laurence Maroney,9,9,0,0,0,0,0,0,0,0,0/0,0/0,0,0,54,2009,Scoring
3,New England Patriots,Benjamin Watson,5,0,5,0,0,0,0,0,0,0,0/0,0/0,0,0,30,2009,Scoring
4,New England Patriots,Fred Taylor,4,4,0,0,0,0,0,0,0,0,0/0,0/0,0,0,24,2009,Scoring
5,New England Patriots,Wes Welker,4,0,4,0,0,0,0,0,0,0,0/0,0/0,0,0,24,2009,Scoring
6,New England Patriots,Kevin Faulk,3,2,1,0,0,0,0,0,0,0,0/0,0/0,0,0,18,2009,Scoring
7,New England Patriots,Sammy Morris,2,2,0,0,0,0,0,0,0,0,0/0,0/0,0,0,12,2009,Scoring
8,New England Patriots,Chris Baker,2,0,2,0,0,0,0,0,0,0,0/0,0/0,0,0,12,2009,Scoring
9,New England Patriots,Sam Aiken,2,0,2,0,0,0,0,0,0,0,0/0,0/0,0,0,12,2009,Scoring
10,New England Patriots,Leigh Bodden,1,0,0,0,0,1,0,0,0,0,0/0,0/0,0,0,6,2009,Scoring
11,New England Patriots,Julian Edelman,1,0,1,0,0,0,0,0,0,0,0/0,0/0,0,0,6,2009,Scoring
12,New England Patriots,Brandon Meriweather,1,0,0,0,0,1,0,0,0,0,0/0,0/0,0,0,6,2009,Scoring
13,New England Patriots,Brian Hoyer,1,1,0,0,0,0,0,0,0,0,0/0,0/0,0,0,6,2009,Scoring
0,New England Patriots,BenJarvus Green-Ellis,13,13,0,0,0,0,0,0,0,0,0/0,0/0,0,0,78,2010,Scoring
1,New England Patriots,Shayne Graham,0,0,0,0,0,0,0,0,0,0,35/37,12/12,0,0,71,2010,Scoring
2,New England Patriots,Rob Gronkowski,10,0,10,0,0,0,0,0,0,0,0/0,0/0,0,0,60,2010,Scoring
3,New England Patriots,Stephen Gostkowski,0,0,0,0,0,0,0,0,0,0,26/26,10/13,0,0,56,2010,Scoring
4,New England Patriots,Wes Welker,7,0,7,0,0,0,0,0,0,0,1/1,0/0,0,0,43,2010,Scoring
5,New England Patriots,Aaron Hernandez,6,0,6,0,0,0,0,0,0,0,0/0,0/0,0,0,36,2010,Scoring
6,New England Patriots,Danny Woodhead,6,5,1,0,0,0,0,0,0,0,0/0,0/0,0,0,36,2010,Scoring
7,New England Patriots,Deion Branch,5,0,5,0,0,0,0,0,0,0,0/0,0/0,0,0,30,2010,Scoring
8,New England Patriots,Brandon Tate,5,0,3,2,0,0,0,0,0,0,0/0,0/0,0,0,30,2010,Scoring
9,New England Patriots,Randy Moss,3,0,3,0,0,0,0,0,0,0,0/0,0/0,0,0,18,2010,Scoring
10,New England Patriots,Kyle Arrington,2,0,0,0,0,1,0,1,0,0,0/0,0/0,0,0,12,2010,Scoring
11,New England Patriots,Alge Crumpler,2,0,2,0,0,0,0,0,0,0,0/0,0/0,0,0,12,2010,Scoring
12,New England Patriots,Gary Guyton,2,0,0,0,0,1,1,0,0,0,0/0,0/0,0,0,12,2010,Scoring
13,New England Patriots,James Sanders,1,0,0,0,0,1,0,0,0,0,0/0,0/0,0,0,6,2010,Scoring
14,New England Patriots,Patrick Chung,1,0,0,0,0,1,0,0,0,0,0/0,0/0,0,0,6,2010,Scoring
15,New England Patriots,Julian Edelman,1,0,0,0,1,0,0,0,0,0,0/0,0/0,0,0,6,2010,Scoring
16,New England Patriots,Tom Brady,1,1,0,0,0,0,0,0,0,0,0/0,0/0,0,0,6,2010,Scoring
0,New England Patriots,Stephen Gostkowski,0,0,0,0,0,0,0,0,0,0,59/59,28/33,0,0,143,2011,Scoring
1,New England Patriots,Rob Gronkowski,18,1,17,0,0,0,0,0,0,0,0/0,0/0,0,0,108,2011,Scoring
2,New England Patriots,BenJarvus Green-Ellis,11,11,0,0,0,0,0,0,0,0,0/0,0/0,0,0,66,2011,Scoring
3,New England Patriots,Wes Welker,9,0,9,0,0,0,0,0,0,0,0/0,0/0,0,0,54,2011,Scoring
4,New England Patriots,Aaron Hernandez,7,0,7,0,0,0,0,0,0,0,0/0,0/0,0,0,42,2011,Scoring
5,New England Patriots,Deion Branch,5,0,5,0,0,0,0,0,0,0,0/0,0/0,0,0,30,2011,Scoring
6,New England Patriots,Tom Brady,3,3,0,0,0,0,0,0,0,0,0/0,0/0,0,0,18,2011,Scoring
7,New England Patriots,Danny Woodhead,1,1,0,0,0,0,0,0,0,0,0/0,0/0,2,0,10,2011,Scoring
8,New England Patriots,Chad Johnson,1,0,1,0,0,0,0,0,0,0,0/0,0/0,0,0,6,2011,Scoring
9,New England Patriots,Vince Wilfork,1,0,0,0,0,0,1,0,0,0,0/0,0/0,0,0,6,2011,Scoring
10,New England Patriots,Shane Vereen,1,1,0,0,0,0,0,0,0,0,0/0,0/0,0,0,6,2011,Scoring
11,New England Patriots,Julian Edelman,1,0,0,0,1,0,0,0,0,0,0/0,0/0,0,0,6,2011,Scoring
12,New England Patriots,Rob Ninkovich,1,0,0,0,0,1,0,0,0,0,0/0,0/0,0,0,6,2011,Scoring
13,New England Patriots,Stevan Ridley,1,1,0,0,0,0,0,0,0,0,0/0,0/0,0,0,6,2011,Scoring
0,New England Patriots,Stephen Gostkowski,0,0,0,0,0,0,0,0,0,0,66/66,29/35,0,0,153,2012,Scoring
1,New England Patriots,Stevan Ridley,12,12,0,0,0,0,0,0,0,0,0/0,0/0,0,0,72,2012,Scoring
2,New England Patriots,Rob Gronkowski,11,0,11,0,0,0,0,0,0,0,0/0,0/0,0,0,66,2012,Scoring
3,New England Patriots,Danny Woodhead,7,4,3,0,0,0,0,0,0,0,0/0,0/0,0,0,42,2012,Scoring
4,New England Patriots,Wes Welker,6,0,6,0,0,0,0,0,0,0,0/0,0/0,0,0,36,2012,Scoring
5,New England Patriots,Julian Edelman,5,0,3,0,1,0,1,0,0,0,0/0,0/0,0,0,30,2012,Scoring
6,New England Patriots,Aaron Hernandez,5,0,5,0,0,0,0,0,0,0,0/0,0/0,0,0,30,2012,Scoring
7,New England Patriots,Brandon Lloyd,5,0,4,0,0,0,1,0,0,0,0/0,0/0,0,0,30,2012,Scoring
8,New England Patriots,Shane Vereen,4,3,1,0,0,0,0,0,0,0,0/0,0/0,0,0,24,2012,Scoring
9,New England Patriots,Tom Brady,4,4,0,0,0,0,0,0,0,0,0/0,0/0,0,0,24,2012,Scoring
10,New England Patriots,Brandon Bolden,2,2,0,0,0,0,0,0,0,0,0/0,0/0,0,0,12,2012,Scoring
11,New England Patriots,Steve Gregory,1,0,0,0,0,0,1,0,0,0,0/0,0/0,0,0,6,2012,Scoring
12,New England Patriots,Dont'a Hightower,1,0,0,0,0,0,1,0,0,0,0/0,0/0,0,0,6,2012,Scoring
13,New England Patriots,Alfonzo Dennard,1,0,0,0,0,1,0,0,0,0,0/0,0/0,0,0,6,2012,Scoring
14,New England Patriots,Aqib Talib,1,0,0,0,0,1,0,0,0,0,0/0,0/0,0,0,6,2012,Scoring
15,New England Patriots,Devin McCourty,1,0,0,1,0,0,0,0,0,0,0/0,0/0,0,0,6,2012,Scoring
16,New England Patriots,Donte' Stallworth,1,0,1,0,0,0,0,0,0,0,0/0,0/0,0,0,6,2012,Scoring
0,New England Patriots,Stephen Gostkowski,0,0,0,0,0,0,0,0,0,0,44/44,38/41,0,0,158,2013,Scoring
1,New England Patriots,LeGarrette Blount,7,7,0,0,0,0,0,0,0,0,0/0,0/0,0,0,42,2013,Scoring
2,New England Patriots,Stevan Ridley,7,7,0,0,0,0,0,0,0,0,0/0,0/0,0,0,42,2013,Scoring
3,New England Patriots,Julian Edelman,6,0,6,0,0,0,0,0,0,0,0/0,0/0,2,0,40,2013,Scoring
4,New England Patriots,Aaron Dobson,4,0,4,0,0,0,0,0,0,0,0/0,0/0,0,0,24,2013,Scoring
5,New England Patriots,Kenbrell Thompkins,4,0,4,0,0,0,0,0,0,0,0/0,0/0,0,0,24,2013,Scoring
6,New England Patriots,Shane Vereen,4,1,3,0,0,0,0,0,0,0,0/0,0/0,0,0,24,2013,Scoring
7,New England Patriots,Rob Gronkowski,4,0,4,0,0,0,0,0,0,0,0/0,0/0,0,0,24,2013,Scoring
8,New England Patriots,Brandon Bolden,3,3,0,0,0,0,0,0,0,0,0/0,0/0,0,0,18,2013,Scoring
9,New England Patriots,Danny Amendola,2,0,2,0,0,0,0,0,0,0,0/0,0/0,0,0,12,2013,Scoring
10,New England Patriots,Logan Ryan,1,0,0,0,0,1,0,0,0,0,0/0,0/0,0,0,6,2013,Scoring
11,New England Patriots,Matthew Mulligan,1,0,1,0,0,0,0,0,0,0,0/0,0/0,0,0,6,2013,Scoring
12,New England Patriots,James Develin,1,1,0,0,0,0,0,0,0,0,0/0,0/0,0,0,6,2013,Scoring
13,New England Patriots,Michael Hoomanawanui,1,0,1,0,0,0,0,0,0,0,0/0,0/0,0,0,6,2013,Scoring
14,New England Patriots,Chandler Jones,1,0,0,0,0,0,1,0,0,0,0/0,0/0,0,0,6,2013,Scoring
15,New England Patriots,Tavon Wilson,1,0,0,0,0,1,0,0,0,0,0/0,0/0,0,0,6,2013,Scoring
0,New England Patriots,Stephen Gostkowski,0,0,0,0,0,0,0,0,0,0,51/51,35/37,0,0,156,2014,Scoring
1,New England Patriots,Rob Gronkowski,12,0,12,0,0,0,0,0,0,0,0/0,0/0,0,0,72,2014,Scoring
2,New England Patriots,Brandon LaFell,7,0,7,0,0,0,0,0,0,0,0/0,0/0,0,0,42,2014,Scoring
3,New England Patriots,Tim Wright,6,0,6,0,0,0,0,0,0,0,0/0,0/0,0,0,36,2014,Scoring
4,New England Patriots,Jonas Gray,5,5,0,0,0,0,0,0,0,0,0/0,0/0,0,0,30,2014,Scoring
5,New England Patriots,Shane Vereen,5,2,3,0,0,0,0,0,0,0,0/0,0/0,0,0,30,2014,Scoring
6,New England Patriots,Julian Edelman,5,0,4,0,1,0,0,0,0,0,0/0,0/0,0,0,30,2014,Scoring
7,New England Patriots,LeGarrette Blount,3,3,0,0,0,0,0,0,0,0,0/0,0/0,0,0,18,2014,Scoring
8,New England Patriots,Kyle Arrington,2,0,0,0,0,0,1,1,0,0,0/0,0/0,0,0,12,2014,Scoring
9,New England Patriots,Stevan Ridley,2,2,0,0,0,0,0,0,0,0,0/0,0/0,0,0,12,2014,Scoring
10,New England Patriots,Chandler Jones,1,0,0,0,0,0,0,1,0,0,0/0,0/0,0,0,6,2014,Scoring
11,New England Patriots,Brandon Bolden,1,1,0,0,0,0,0,0,0,0,0/0,0/0,0,0,6,2014,Scoring
12,New England Patriots,Brian Tyms,1,0,1,0,0,0,0,0,0,0,0/0,0/0,0,0,6,2014,Scoring
13,New England Patriots,Danny Amendola,1,0,1,0,0,0,0,0,0,0,0/0,0/0,0,0,6,2014,Scoring
14,New England Patriots,Rob Ninkovich,1,0,0,0,0,0,1,0,0,0,0/0,0/0,0,0,6,2014,Scoring
15,New England Patriots,Tom Brady,0,0,0,0,0,0,0,0,0,0,0/0,0/0,0,0,0,2014,Scoring
0,New England Patriots,Stephen Gostkowski,0,0,0,0,0,0,0,0,0,0,52/52,33/36,0,0,151,2015,Scoring
1,New England Patriots,Rob Gronkowski,11,0,11,0,0,0,0,0,0,0,0/0,0/0,0,0,66,2015,Scoring
2,New England Patriots,Julian Edelman,7,0,7,0,0,0,0,0,0,0,0/0,0/0,0,0,42,2015,Scoring
3,New England Patriots,LeGarrette Blount,7,6,1,0,0,0,0,0,0,0,0/0,0/0,0,0,42,2015,Scoring
4,New England Patriots,James White,6,2,4,0,0,0,0,0,0,0,0/0,0/0,0,0,36,2015,Scoring
5,New England Patriots,Scott Chandler,4,0,4,0,0,0,0,0,0,0,0/0,0/0,0,0,24,2015,Scoring
6,New England Patriots,Dion Lewis,4,2,2,0,0,0,0,0,0,0,0/0,0/0,0,0,24,2015,Scoring
7,New England Patriots,Tom Brady,3,3,0,0,0,0,0,0,0,0,0/0,0/0,0,0,18,2015,Scoring
8,New England Patriots,Danny Amendola,3,0,3,0,0,0,0,0,0,0,0/0,0/0,0,0,18,2015,Scoring
9,New England Patriots,Keshawn Martin,2,0,2,0,0,0,0,0,0,0,0/0,0/0,0,0,12,2015,Scoring
10,New England Patriots,Brandon Bolden,2,0,2,0,0,0,0,0,0,0,0/0,0/0,0,0,12,2015,Scoring
11,New England Patriots,Akiem Hicks,1,0,0,0,0,0,1,0,0,0,0/0,0/0,0,0,6,2015,Scoring
12,New England Patriots,Jamie Collins,1,0,0,0,0,0,1,0,0,0,0/0,0/0,0,0,6,2015,Scoring
13,New England Patriots,Steven Jackson,1,1,0,0,0,0,0,0,0,0,0/0,0/0,0,0,6,2015,Scoring
